"title","subtitle","location"
"""Neue Wege für Frauen"" in der Grundversorgung","","Linz"
"24h Betreuung","24-Stunden-Betreuung","Bezirke: Oberösterreich, Niederösterreich"
"4Raum Graz","Familienberatung / Sozialberatung / Alltagsbegleitung","Graz"
"Akademie de La Tour","Bildungsangebote / Weiterbildungsakademien","Feldkirchen"
"Akutpflegebegleitung","Kurzzeitpflege / Mobile Beratung / Mobile Betreuung und Pflege im Alter / Mobile Dienste / Angehörigen-Entlastung / Alltagsbegleitung","Bezirke: Linz-Urfahr"
"Alkoholambulanz de La Tour Spittal/Drau","Beratung / Psychologische Begleitung / Psychotherapie / Psychosoziale Beratung / Sozialberatung / Jugendberatung / Ambulanz / Sucht / Therapie","Spittal/Drau"
"Allfred - Servicedienstleistung","Alltagsbegleitung","Linz"
"Altkatholische Diakonie Austria","Integrationsarbeit / Katastrophenhilfe / Trauerhilfe / Wohnungslosenhilfe","Wien"
"ALVENI - Mobil betreutes Wohnen","Integrationsarbeit / Arbeitsmarktberatung / Wohnberatung","Wien"
"AmberMed","Ambulanz","Bezirke: Ganz Österreich"
"Ambulanz de La Tour","Beratung / Psychologische Begleitung / Psychotherapie / Psychosoziale Beratung / Sozialberatung / Jugendberatung / Ambulanz / Sucht / Therapie","Villach"
"AMIKE - Telefon","Sozialmedizinische Beratung","Bezirke: Ganz Österreich"
"ANKYRA - Zentrum für interkulturelle Psychotherapie in Tirol","Psychotherapie","Innsbruck"
"Arbeit und Assistenz Ennstal","Werkstätten","Schladming"
"Arbeit und Assistenz Graz","Werkstätten","Graz"
"ASH Forum der Zivilgesellschaft","","Wien"
"Assistenz in der Nachmittagsbetreuung","Schulassistenz","Linz"
"Atelier de La Tour","Kunst / Werkstätten","Treffen"
"AUFSCHWUNG Wien","Berufsvorbereitung / Integrationsarbeit / Arbeitsmarktberatung","Wien"
"BACH Bildungszentrum","Beratung / Bildungsangebote / Bildungsberatung / Deutschkurse / Pflichtschulabschlusskurse / Integrationsarbeit / Abschlusskurse für Jugendliche","Mödling"
"Bandari","Beratung / Freizeit-, Sport- und Kulturangebote / Integrationsarbeit / Jugendberatung","Wien"
"Banonda - Integration und Dialog","Integrationsarbeit / Stadtteilarbeit","Salzburg"
"Basis Zinnergasse Gemeinwesenorientiertes Integrationsbüro","Lernbegleitung / Quartiersarbeit / Rechtsberatung / Sozialberatung / Integrationsarbeit / Stadtteilarbeit","Wien"
"Basis_Bildung_Macondo","Bildungsangebote","Wien"
"Begegnungsgruppen für Alkoholkranke und Angehörige","Sucht","Linz"
"Begegnungsgruppen für Alkoholkranke und Angehörige","Sucht","Neuhofen an der Krems"
"Begegnungsgruppen für Alkoholkranke und Angehörige","Sucht","Kirchdorf"
"Begegnungsgruppen für Alkoholkranke und Angehörige","Sucht","Gmunden"
"Begegnungsgruppen für Alkoholkranke und Angehörige","Sucht","Attnang-Puchheim"
"Begegnungsgruppen für Alkoholkranke und Angehörige","Sucht","Ried im Innkreis"
"Begegnungsgruppen für Alkoholkranke und Angehörige","Sucht","Wels"
"Begegnungsgruppen für Alkoholkranke und Angehörige","Sucht","Windischgarsten"
"Begegnungsgruppen für Alkoholkranke und Angehörige","Sucht","Eferding"
"Begegnungsgruppen für Alkoholkranke und Angehörige","Sucht","Steyr"
"Begleitet Wohnen Wels","","Wels"
"Beratung MiAS","Beratung","Klagenfurt"
"Beratungsstelle für Alkoholkranke und Angehörige","Sucht","Wels"
"Beratungszentrum Ukraine","Beratung / Deutschkurse / Freizeit-, Sport- und Kulturangebote / Psychosoziale Beratung / Sozialberatung / Integrationsarbeit / Sozialmedizinische Beratung / Arbeitsmarktberatung / Wohnberatung","Wien"
"Besuchsdienst Salzburg","Besuchsdienst","Salzburg"
"Betreubares Wohnen Neukirchen an der Enknach","Betreutes Wohnen","Neukirchen"
"Betreutes Wohnen Bad Hall","Betreutes Wohnen","Bad Hall"
"Betreutes Wohnen Bildungscampus Salzburg-Gnigl","Betreutes Wohnen / Quartiersarbeit / Wohnkoordination / Wohnquartier","Salzburg"
"Betreutes Wohnen Haus Radauer","Betreutes Wohnen","Salzburg"
"Betreutes Wohnen im Haus Abendfrieden","Betreutes Wohnen","Gallneukirchen"
"Betreutes Wohnen im Haus Bethanien","Betreutes Wohnen","Gallneukirchen"
"Betreutes Wohnen im Haus für Senioren Bad Zell","Betreutes Wohnen","Bad Zell"
"Betreutes Wohnen im Haus für Senioren Linz","Betreutes Wohnen","Linz"
"Betreutes Wohnen im Haus für Senioren Wels","Betreutes Wohnen","Wels"
"Betreutes Wohnen im Wohnpark Diakonissen Linz","Betreutes Wohnen","Linz"
"Betreutes Wohnen Linzerberg","Betreutes Wohnen","Engerwitzdorf"
"Betreutes Wohnen Oberösterreich","Betreutes Wohnen","Bezirke: Braunau, Wels-Stadt, Linz-Stadt, Urfahr-Umgebung, Steyr-Land, Freistadt"
"Betreutes Wohnen Revierstraße","Betreutes Wohnen","Salzburg"
"Betreutes Wohnen Schopperstraße","Betreutes Wohnen","Salzburg"
"Betreutes Wohnen Sibiu","Betreutes Wohnen","Bezirke: Sibiu"
"Betreutes Wohnen Stavangergasse","Betreutes Wohnen","Wien"
"Betriebliche Kinderbetreuung: FABIs Kindernest","Kinderbetreuung / Kindergarten","Linz"
"Betriebliche Kinderbetreuung: RECA minis - Kellner & Kunz AG","Kinderbetreuung / Kindergarten","Wels"
"Betriebliche Kinderbetreuung: TGW Zwergennest","Kinderbetreuung / Kindergarten","Marchtrenk"
"Bewohnerservice Aigen und Parsch","Lernbegleitung / Mobile Beratung / Quartiersarbeit / Integrationsarbeit / Stadtteilarbeit","Salzburg"
"Bewohnerservice Elisabeth-Vorstadt","Lernbegleitung / Integrationsarbeit / Stadtteilarbeit / Alltagshilfen","Salzburg"
"Bewohnerservice Gnigl und Schallmoos","Lernbegleitung / Mobile Beratung / Integrationsarbeit / Stadtteilarbeit / Alltagshilfen","Salzburg"
"Bewohnerservice Itzling","Lernbegleitung / Mobile Beratung / Integrationsarbeit / Stadtteilarbeit / Alltagshilfen","Salzburg"
"Bewohnerservice Liefering-Nord","Stadtteilarbeit / Alltagshilfen","Salzburg"
"Bewohnerservice Salzburg-Süd","Lernbegleitung / Mobile Beratung / Integrationsarbeit / Stadtteilarbeit / Alltagshilfen","Salzburg"
"Bildungszentrum Diakonissen Linz-Wels","","Wels"
"Bistro Mauthausen Memorial","Betriebe / Integrative Beschäftigung / Gastronomie","Mauthausen"
"Brot für die Welt","Entwicklungszusammenarbeit","Wien"
"Buntes Haus Völkermarkt","Hort / Lernbegleitung","Völkermarkt"
"Café & Bistro KOWALSKI Gallneukirchen","Betriebe / Integrative Beschäftigung / Gastronomie","Gallneukirchen"
"Café & Bistro KOWALSKI Kitzbühel, Berufsvorbereitung","Berufsvorbereitung / Betriebe / Integrative Beschäftigung / Gastronomie","Kitzbühel"
"Café & Bistro KOWALSKI Panoramabar","Betriebe / Integrative Beschäftigung / Gastronomie","Salzburg"
"Café & Bistro KOWALSKI Südbahnhofmarkt","Betriebe / Integrative Beschäftigung / Gastronomie","Linz"
"Café Gl.u.eck","","Villach"
"Careleaver-Anlaufstelle Klagenfurt","Sozialberatung / Soziale Startbegleitung","Klagenfurt"
"Careleaver-Anlaufstelle Villach","Sozialberatung / Soziale Startbegleitung","Villach"
"Chancenhaus Rossauer Lände","Wohnungslosenhilfe","Wien"
"Community Nursing - Orth an der Donau","Beratung","Orth an der Donau"
"David-Zentrum","Werkstätten","Feldkirchen"
"de La Tour Schule Deutschlandsberg","Mittelschule und Fachmittelschule / Volksschulen","Deutschlandsberg"
"de La Tour Schule Klagenfurt","Mittelschule und Fachmittelschule / Volksschulen","Klagenfurt"
"de La Tour Schulen","",""
"de La Tour Schulen davinci Hartberg","Mittelschule und Fachmittelschule / Volksschulen","Hartberg"
"de La Tour Schulen Hügelland Vasoldsberg","Mittelschule und Fachmittelschule / Volksschulen","Vasoldsberg"
"de La Tour Schulen Knittelfeld","Mittelschule und Fachmittelschule / Volksschulen","Knittelfeld"
"de La Tour Schulen Leithaberg","Mittelschule und Fachmittelschule / Volksschulen","7083 Purbach am Neusiedlersee"
"de La Tour Schulen ok Graz","Volksschulen","Graz"
"de La Tour Schulen Seiersberg","Mittelschule und Fachmittelschule / Innovative Schulformen","Seiersberg-Pirka"
"de La Tour Schulen Sonnenhaus Leibnitz","Mittelschule und Fachmittelschule / Volksschulen","Leibnitz"
"de La Tour Schulen Treffen","Mittelschule und Fachmittelschule / Volksschulen","Treffen"
"Demenzberatung Graz","Beratung / Demenzberatung / Mobile Beratung / Angehörigen-Entlastung / Tagesbetreuung / Pflegende Angehörige","Graz"
"Demenzberatung Salzburg","Demenzberatung","Salzburg"
"Der Laden","Betriebe / Werkstätten","Schladming"
"Der Laden Linzerberg","","Engerwitzdorf"
"Diakonie Akademie GmbH","Weiterbildungsakademien","Gallneukirchen"
"Diakonie Eine Welt - Akademie","Weiterbildungsakademien","Wien"
"Diakonie Essstörungsklinik","Klinik / Psychiatrische Diagnostik und Behandlung / Psychologische Begleitung / Psychosoziale Beratung / Essstörung / Stationäre Behandlung / Therapie","Feldkirchen"
"Diakonie Forum","Freizeit-, Sport- und Kulturangebote / Integrationsarbeit / Stadtteilarbeit","Oberwart"
"Diakonie Hospiz Treffen","Palliative Care / Pflegeeinrichtung / Psychologische Begleitung / Seelsorge / Hospiz","Treffen am Ossiachersee"
"Diakonie Implacementstiftung","Implacemementstiftung für berufliche Qualifizierung","Gallneukirchen"
"Diakonie Katastrophenhilfe","Katastrophenhilfe","Wien"
"Diakonie Klinik Waiern","Akutgeriatrie / Klinik / Psychiatrische Diagnostik und Behandlung / Psychologische Begleitung / Psychotherapie / Essstörung / Stationäre Behandlung / Ambulanz / Sucht / Therapie","Feldkirchen"
"Diakonie mobile Pflege und Betreuung GmbH","","Oberschützen"
"Diakonie.mobil Braunau","Mobile Dienste / Angehörigen-Entlastung / Alltagsbegleitung","Mauerkirchen"
"Diakonie.mobil Ennstal","Familienbegleitung / Freizeit-, Sport- und Kulturangebote / Mobile Dienste / Selbständiges Wohnen / Angehörigen-Entlastung / Alltagsbegleitung / Wohnberatung / Pflegende Angehörige / Mobile Begleitung für Menschen mit Behinderungen","Schladming"
"Diakonie.mobil Gallneukirchen","Mobile Betreuung und Pflege im Alter / Mobile Dienste / Palliative Care / Angehörigen-Entlastung / Pflegende Angehörige","Gallneukirchen"
"Diakonie.mobil Hauskrankenhilfe","Beratung / Mobile Beratung / Mobile Betreuung und Pflege im Alter / Mobile Dienste / Mobile Hilfen / Angehörigen-Entlastung","Spittal/Drau"
"Diakonie.mobil Linz","Mobile Betreuung und Pflege im Alter / Mobile Dienste / Palliative Care / Angehörigen-Entlastung / Pflegende Angehörige","Linz"
"Diakonie.mobil Oberösterreich","Mobile Betreuung und Pflege im Alter / Palliative Care / Angehörigen-Entlastung / Pflegende Angehörige","Bezirke: Linz-Stadt, Wels-Stadt, Urfahr-Umgebung"
"Diakonie.mobil Perg & Urfahr Umgebung","Mobile Dienste / Angehörigen-Entlastung / Alltagsbegleitung","Engerwitzdorf"
"Diakonie.mobil Stadt Salzburg & Zentralraum","Mobile Beratung / Mobile Betreuung und Pflege im Alter / Mobile Dienste","Bezirke: Bezirke: Salzburg Stadt"
"Diakonie.mobil Steiermark","Beratung / Demenzberatung / Mobile Beratung / Mobile Betreuung und Pflege im Alter / Mobile Dienste / Palliative Care / Angehörigen-Entlastung / Pflegende Angehörige","Graz"
"Diakonie.mobil Steyr","Mobile Betreuung und Pflege im Alter / Mobile Dienste / Palliative Care / Angehörigen-Entlastung / Pflegende Angehörige","Steyr"
"Diakonie.mobil Tennengau","Mobile Betreuung und Pflege im Alter / Angehörigen-Entlastung","Hallein"
"Diakonie.mobil Tirol - Unterstützung für Menschen mit Behinderung für zuhause und im Alltag","Mobile Dienste","Kirchbichl"
"Diakonie.mobil Wels","Mobile Betreuung und Pflege im Alter / Mobile Dienste / Palliative Care / Angehörigen-Entlastung / Pflegende Angehörige","Wels"
"Diakoniewerk Syncare GmbH","Implacemementstiftung für berufliche Qualifizierung","Gallneukirchen"
"Diakoniezentrum Gols - Altenwohn- und Pflegeheim","Pflegeeinrichtung / Angehörigen-Entlastung / Alltagsbegleitung / Tagesbetreuung","Gols"
"Diakoniezentrum Oberwart - Alten- und Pflegeheim","Kurzzeitpflege / Palliative Care / Pflegeeinrichtung / Hospiz","Oberwart"
"Diakoniezentrum Pinkafeld - Alten- und Pflegeheim","Kurzzeitpflege / Palliative Care / Pflegeeinrichtung / Hospiz","Pinkafeld"
"Die Bücherinsel","Betriebe / Buchladen / Integrative Beschäftigung","Gallneukirchen"
"Die Gesundheitsgreisslerei - Eine dezentrale Außenstelle des Schweizer Haus Hadersdorf","Sucht / Therapie","Wien"
"Die Kunstwerkstatt","Kunst / Werkstätten","Gallneukirchen"
"DIG-Adelsmayrhof","Psychologische Begleitung / Wohngemeinschaft","Ried im Traunkreis"
"DIG-Geschäft Kirchdorf","Betriebe / Integrative Beschäftigung","Kirchdorf an der Krems"
"DIG-Tagesheimstätte Kirchdorf","Integrative Beschäftigung / Werkstätten","Kirchdorf an der Krems"
"DIG-Tagesheimstätte Windischgarsten","Integrative Beschäftigung / Werkstätten","Windischgarsten"
"DIG-Wohnhaus Windischgarsten","Betreutes Wohnen / Selbständiges Wohnen","Windischgarsten"
"Digital Überall PLUS","Bildungsangebote",""
"Einzelwohnbetreuung (EWB) STARTup Flat","Kinder- und Jugendhilfe / Unterstützung der Erziehung","Linz"
"Ernst-Schwarz-Haus","Kurzzeitpflege / Palliative Care / Pflegeeinrichtung / Psychologische Begleitung / Seelsorge / Haus für Senioren","Feldkirchen"
"Erstberatung für geflüchtete Menschen in Kärnten","Integrationsarbeit","Klagenfurt am Wörthersee"
"Erste Hilfe Kurse Johanniter Kärnten","Rettungsdienst und Krankentransporte","Patergassen"
"Erste Hilfe Kurse Johanniter Tirol","Rettungsdienst und Krankentransporte","Innsbruck"
"Erste Hilfe Kurse Johanniter Wien","Rettungsdienst und Krankentransporte","Wien"
"Erziehungs- und Alltagshilfen (EAH)","Kinder- und Jugendhilfe / Unterstützung der Erziehung / Familienbegleitung / Mobile Hilfen / Alltagshilfen","Linz"
"Essen auf Rädern im Bezirk Oberwart","Essen auf Rädern / Angehörigen-Entlastung","Oberwart"
"Essen auf Rädern Stadt Oberwart","Essen auf Rädern / Angehörigen-Entlastung","Oberwart"
"Evangelische Fachmittelschule am Karlsplatz","Mittelschule und Fachmittelschule","Wien"
"Evangelische Mittelschule am Karlsplatz 14","Mittelschule und Fachmittelschule","Wien"
"Evangelische Volksschule am Karlsplatz 14","Volksschulen","Wien"
"Evangelische Volksschule Wien-Gumpendorf","Volksschulen","Wien"
"Evangelische Volksschule Wien-Leopoldstadt","Volksschulen","Wien"
"Evangelische Volksschule Währing - Lutherschule","Volksschulen","Wien"
"Evangelischer Hort Donaustadt","Hort","Wien"
"Evangelischer Hort Gumpendorf","Hort","Wien"
"Evangelischer Hort Karlsplatz","Hort","Wien"
"Evangelischer Hort Leopoldstadt","Hort","Wien"
"Evangelischer Hort Währing","Hort","Wien"
"Evangelischer Kindergarten am Gasometer","Kindergarten / Kleinkindgruppen","Wien"
"Evangelischer Kindergarten Am Hubertusdamm","Bildungsangebote / Kindergarten / Kleinkindgruppen","Wien"
"Evangelischer Kindergarten Citygate","Kindergarten / Kleinkindgruppen","Wien"
"Evangelischer Kindergarten Donaustadt","Kindergarten / Kleinkindgruppen","Wien"
"Evangelischer Kindergarten Floridsdorf","Bildungsangebote / Kindergarten","Wien"
"Evangelischer Kindergarten Gumpendorf","Kindergarten","Wien"
"Evangelischer Kindergarten Hamburgerstraße","Kindergarten","Wien"
"Evangelischer Kindergarten Landstraße","Kindergarten / Kleinkindgruppen","Wien"
"Evangelischer Kindergarten Leopoldstadt","Kindergarten","Wien"
"Evangelischer Kindergarten St. Pölten","Kindergarten","St. Pölten"
"Evangelischer Montessori Kindergarten Liesing","Kindergarten","Wien"
"Evangelischer Montessori Kindergarten Sturzgasse","Kindergarten / Kleinkindgruppen","Wien"
"Evangelischer Montessori Kindergarten Wieden","Kindergarten / Kleinkindgruppen","Wien"
"Evangelisches Alten- und Pflegeheim Bad Goisern","Pflegeeinrichtung","Bad Goisern"
"Evangelisches Gymnasium u. Werkschulheim","Innovative Schulformen / Gymnasien","Wien"
"Evangelisches Krankenhaus Wien","Klinik","Wien"
"Evangelisches Realgymnasium Donaustadt/WMS","Bildungsangebote / Innovative Schulformen / Gymnasien","Wien"
"Evangelisches Schülerheim","","Bad Goisern"
"FaBI-Familienbegleitung für Kinder und Jugendliche mit Behinderung durch Inklusion","Familienbegleitung / Mobile Dienste","Wien"
"Familien- und Erziehungsberatung","Beratung / Familienberatung / Jugendberatung","Linz"
"Familienentlastung","Freizeit-, Sport- und Kulturangebote / Mobile Dienste / Angehörigen-Entlastung / Pflegende Angehörige / Mobile Begleitung für Menschen mit Behinderungen","Schladming"
"femme! empower, employ, emulate me","Beratung / Frauenberatung / Integrationsarbeit","Klagenfurt"
"femme.plus - empower, employ, emulate me","Beratung / Frauenberatung / Integrationsarbeit","Klagenfurt"
"FINI - Familien in nachhaltiger Integrationsunterstützung","Beratung / Bildungsberatung / Selbständiges Wohnen / Sozialberatung / Integrationsarbeit / Stadtteilarbeit / Arbeitsmarktberatung / Wohnbegleitung","Wien"
"Flexible Hilfen - ARGE Murau","Kinder- und Jugendhilfe / Familiencoaching / Familienbegleitung / Familienberatung / Mobile Beratung / Mobile Hilfen",""
"Flexible Hilfen - ARGE Murtal","Kinder- und Jugendhilfe / Familiencoaching / Familienbegleitung / Familienberatung / Mobile Beratung / Mobile Hilfen",""
"Flucht und Integration OÖ","Grundversorgung / Psychologische Begleitung / Rechtsberatung / Selbständiges Wohnen / Gesetzliche Vertretung UMFs","Bezirke: Oberösterreich"
"Flucht und Integration Steiermark","Grundversorgung / Wohnbegleitung / Wohngemeinschaft","Graz"
"forKIDS Therapiezentrum Imst","Therapie","Imst"
"forKIDS Therapiezentrum Innsbruck","Therapie","Innsbruck"
"forKIDS Therapiezentrum Kitzbühel","Therapie","Kitzbühel"
"forKIDS Therapiezentrum Lienz","Therapie","Lienz"
"forKIDS Therapiezentrum Reutte","Therapie","Reutte"
"forKIDS Therapiezentrum Schwaz","Therapie","Schwaz"
"forKIDS Therapiezentrum Telfs","Therapie","Telfs"
"forKIDS Therapiezentrum Wörgl","Therapie","Wörgl"
"forKIDS Therapiezentrum Zams","Therapie","Zams"
"Frauen*beratung Wien","Frauenberatung / Sozialberatung","Wien"
"Freiraum Gneis","Quartiersarbeit / Stützpunktwohnen / Wohnkoordination / Wohnquartier","Salzburg"
"Freizeitassistenz","Freizeit-, Sport- und Kulturangebote / Mobile Dienste / Angehörigen-Entlastung / Mobile Begleitung für Menschen mit Behinderungen","Schladming"
"Friedenshort - Gärtnerei und Bioladen","Betriebe / Integrative Beschäftigung / Gärtnerei und Bioladen","Gallneukirchen"
"FRISBI - Zentrum für Freizeit Sport & Bildung Gallneukirchen Linz","","Gallneukirchen"
"FRISBI - Zentrum für Freizeit, Sport & Bildung Braunau","","Mauerkirchen"
"FRISBI - Zentrum für Freizeit, Sport & Bildung Freistadt","","Bad Zell"
"FRISBI - Zentrum für Freizeit, Sport & Bildung Perg","","Ried in der Riedmark"
"FRISBI - Zentrum für Freizeit, Sport & Bildung Steyr","","Bad Hall"
"FRISBI - Zentrum für Freizeit, Sport & Bildung Urfahr Umgebung","","Oberneukirchen"
"FRISBI - Zentrum für Freizeit, Sport & Bildung Wels","","Bad Wimsbach-Neydharting"
"Frühe Hilfen - Oberösterreich","Familienbegleitung / Familienberatung / Frühe Hilfen / Mobile Beratung","Linz"
"Frühe Hilfen - Wien-Nordost","Familienbegleitung / Frühe Hilfen / Mobile Beratung","Wien"
"Frühe Hilfen – Eferding, Grieskirchen, Wels, Wels-Land","Familienbegleitung / Frühe Hilfen / Mobile Beratung","Wels"
"Frühe Hilfen – Freistadt, Rohrbach, Urfahr-Umgebung","Familienbegleitung / Frühe Hilfen / Mobile Beratung","Linz"
"Frühe Hilfen – Gmunden, Vöcklabruck","Familienbegleitung / Frühe Hilfen / Mobile Beratung","Vöcklabruck"
"Frühe Hilfen – Innviertel","Familienbegleitung / Frühe Hilfen / Mobile Beratung","Ried i.I."
"Frühe Hilfen – Linz","Familienbegleitung / Frühe Hilfen / Mobile Beratung","Linz"
"Frühe Hilfen – Linz Land, Perg","Familienbegleitung / Frühe Hilfen / Mobile Beratung","Linz"
"Frühe Hilfen – Steyr, Steyr-Land, Kirchdorf","Familienbegleitung / Frühe Hilfen / Mobile Beratung","Steyr"
"Frühe Kommunikations-Förderung Oberösterreich","Mobile Dienste / Frühförderung","Linz"
"Frühförderung Linz","Familienbegleitung / Frühförderung","Linz"
"Frühförderung Oberösterreich","Familienbegleitung / Frühförderung","Linz"
"Frühförderung Ried","Familienbegleitung / Frühförderung","Ried im Innkreis"
"Frühförderung Steyr","Familienbegleitung / Frühförderung","Steyr"
"Galerie de La Tour","","Klagenfurt am Wörthersee"
"Garten und Landschaft","Betriebe / Integrative Beschäftigung / Werkstätten","Engerwitzdorf"
"Gartenhof Waiern","Gärtnerei und Bioladen / Werkstätten","Feldkirchen"
"Gartenhof – eine inklusive Biomarke","",""
"GemEinsam - Miteinander gegen Einsamkeit","Stadtteilarbeit","Wien"
"Gemeinsam Bewegen – Integrative Sport- & Freizeitangebote","Freizeit-, Sport- und Kulturangebote","Klagenfurt"
"gernda Café und Bistro","Betriebe / Gastronomie","Klagenfurt"
"Gesetzliche Vertretung von unbegleiteten minderjährigen Flüchtlingen (UMF) in Vorarlberg","Rechtsberatung","Dornbirn"
"Gästehaus Friedheim","","Seeboden"
"Handy, Laptop & Co.","Besuchsdienst","Salzburg"
"Haus Abendfrieden","Hausgemeinschaften / Kurzzeitpflege / Pflegeeinrichtung / Haus für Senioren","Gallneukirchen"
"Haus Abendruh","Kurzzeitpflege / Palliative Care / Pflegeeinrichtung / Psychologische Begleitung / Seelsorge / Haus für Senioren","Feldkirchen"
"Haus am Ruckerlberg","Hausgemeinschaften / Kurzzeitpflege / Pflegeeinrichtung / Haus für Senioren","Graz"
"Haus Bethesda","Kurzzeitpflege / Palliative Care / Pflegeeinrichtung / Psychologische Begleitung / Seelsorge / Haus für Senioren","Spittal/Drau"
"Haus Elim","Kurzzeitpflege / Palliative Care / Pflegeeinrichtung / Psychologische Begleitung / Seelsorge / Haus für Senioren / Wohnen im Alter für Menschen mit Behinderungen","Treffen"
"Haus Elisabeth","Pflegeeinrichtung / Haus für Senioren","Gallneukirchen"
"Haus Elvine","Kurzzeitpflege / Palliative Care / Pflegeeinrichtung / Psychologische Begleitung / Seelsorge / Haus für Senioren","Treffen"
"Haus für Senioren Bad Zell","Hausgemeinschaften / Kurzzeitpflege / Pflegeeinrichtung / Haus für Senioren","Bad Zell"
"Haus für Senioren Henndorf","Hausgemeinschaften / Pflegeeinrichtung / Haus für Senioren","Henndorf am Wallersee"
"Haus für Senioren Linz","Hausgemeinschaften / Pflegeeinrichtung / Haus für Senioren","Linz"
"Haus für Senioren Mauerkirchen","Hausgemeinschaften / Kurzzeitpflege / Pflegeeinrichtung / Haus für Senioren","Mauerkirchen"
"Haus für Senioren Salzburg","Haus für Senioren","Salzburg"
"Haus für Senioren Svätý Jur","Haus für Senioren","Svätý Jur, Slowakei"
"Haus für Senioren Wels","Hausgemeinschaften / Pflegeeinrichtung / Haus für Senioren","Bezirke: Das Haus für Senioren Wels befindet sich ganz in der Nähe des Hauptbahnhofs Wels"
"Haus Harbach","Kurzzeitpflege / Palliative Care / Pflegeeinrichtung / Psychologische Begleitung / Seelsorge / Haus für Senioren","Klagenfurt"
"Haus Herrnhilf","Wohngruppen / Wohngemeinschaft","Treffen"
"Haus Maria Gail","Kurzzeitpflege / Palliative Care / Pflegeeinrichtung / Psychologische Begleitung / Seelsorge / Haus für Senioren","Villach"
"Haus Neu Albern","Grundversorgung / Betreutes Wohnen","Wien"
"Haus St. Peter","Kurzzeitpflege / Demenzberatung / Palliative Care / Pflegeeinrichtung / Psychologische Begleitung / Seelsorge / Haus für Senioren","Klagenfurt"
"Haus Wildbacher Straße","Wohngruppen / Betreutes Wohnen / Alltagsbegleitung","Deutschlandsberg"
"Hausgemeinschaften Erdbergstraße","Hausgemeinschaften / Haus für Senioren","Wien"
"Hauskrankenpflege Oberschützen","Mobile Dienste","Oberschützen"
"Heilpädagogische Kindergruppen","Wohngruppen / Diagnostik / Psychologische Begleitung / Psychotherapie / Kinder- und Jugendpsychiatrie / Therapie / Wohngemeinschaft","Linz"
"Heilsarmee Abstinenz-Wohngemeinschaften","Sucht / Wohnungslosenhilfe","Wien"
"Heilsarmee Chancenhaus SalztorZentrum","Wohnungslosenhilfe","Wien"
"Heilsarmee Haus Erna","Wohnungslosenhilfe","Wien"
"Heilsarmee Mobil Betreutes Wohnen","Wohnungslosenhilfe","Wien"
"Heilsarmee Quartier Wintergarten","Wohnungslosenhilfe","Wien"
"Heilsarmee Soziales Wohnungsmanagement","Wohnungslosenhilfe","Wien"
"Heilsarmee Wiener Wohngemeinschaften","Wohnungslosenhilfe","Wien"
"Hilfsverein der Baptisten - Kinder- und Jugendwerk","","Wien"
"HLPS - Höhere Lehranstalt für Pflege und Sozialbetreuung","Berufsbildende Schule / Höhere Lehranstalt für Sozialbetreuung und Pflege","Villach"
"HLPS Höhere Lehranstalt für Pflege und Sozialbetreuung Gallneukirchen","Berufsbildende Schule / Höhere Lehranstalt für Sozialbetreuung und Pflege","Gallneukirchen"
"Hof Altenberg","Werkstätten","Altenberg bei Linz"
"Hort Gallneukirchen","Bildungsangebote / Hort","Gallneukirchen"
"Hospiz macht Schule","Palliative Care / Hospiz / Trauerhilfe","Klagenfurt"
"Hospiz- und Trauerbegleitung Feldkirchen","","Feldkirchen"
"Hospiz- und Trauerbegleitung Friesach","","Friesach"
"Hospiz- und Trauerbegleitung Hermagor","","Hermagor"
"Hospiz- und Trauerbegleitung Himmelberg","","Himmelberg"
"Hospiz- und Trauerbegleitung Hohenthurn","","Arnoldstein"
"Hospiz- und Trauerbegleitung Klagenfurt","","Klagenfurt"
"Hospiz- und Trauerbegleitung Lieser-Maltatal","","Lieser-/ Maltatal"
"Hospiz- und Trauerbegleitung Mölltal FamiliJA","","Obervellach"
"Hospiz- und Trauerbegleitung Oberes Lavanttal","","Bad St. Leonhard"
"Hospiz- und Trauerbegleitung St.Veit","","St.Veit"
"Hospiz- und Trauerbegleitung Viktring","","Klagenfurt-Viktring"
"Hospiz- und Trauerbegleitung Villach-Velden","","Villach"
"Hospiz- und Trauerbegleitung Wolfsberg","","Wolfsberg"
"Hospizakademie","Palliative Care / Trauerhilfe / Weiterbildungsakademien","Klagenfurt"
"Hospizbewegung Diakonie","Palliative Care / Trauerhilfe","Klagenfurt"
"Hospizteam für Menschen mit Behinderungen","Palliative Care / Trauerhilfe","Klagenfurt"
"Hospizteam Spittal/ Oberes Drautal","","Spittal an der Drau"
"Hospizteam Völkermarkt-Bleiburg","","Völkermarkt"
"Hotel Waldheimat","Betriebe / Integrative Beschäftigung / Gastronomie","Gallneukirchen"
"Häferl","Sozialberatung / Wohnungslosenhilfe","Wien"
"IBW Ernst Schwarz Weg","Wohngruppen / Wohnen für Menschen im Autismusspektrum / Betreutes Wohnen / Wohngemeinschaft","Feldkirchen"
"IBZ Amstetten","Sozialberatung / Integrationsarbeit","Amstetten"
"IBZ Bischofshofen","Sozialberatung / Integrationsarbeit","Bischofshofen"
"IBZ Imst","Sozialberatung / Integrationsarbeit","Imst"
"IBZ Innsbruck","Sozialberatung / Integrationsarbeit","Innsbruck"
"IBZ Salzburg","Deutschkurse / Integrationsarbeit / Wohnberatung","Salzburg"
"IBZ St. Pölten","Sozialberatung / Integrationsarbeit","St.Pölten"
"IBZ Telfs","Sozialberatung / Integrationsarbeit","Telfs"
"IBZ Wien","Deutschkurse / Integrationsarbeit / Wohnberatung","Wien"
"IBZ Wörgl","Sozialberatung / Integrationsarbeit","Wörgl"
"IBZ Zell am See","Sozialberatung / Integrationsarbeit","Zell am See"
"Ich-Du-Wir Montessori Kinderhaus de La Tour Treffen","Kindergarten / Kleinkindgruppen","Treffen"
"IDA - Ich und Du im Austausch","Familienberatung / Psychosoziale Beratung / Integrationsarbeit","Wien"
"IDA - Ich und Du im Austausch (Ktn & Stmk)","Integrationsarbeit","Klagenfurt"
"IDIOMA Plus Tirol","Bildungsangebote / Deutschkurse","Telfs"
"Idioma Salzburg","Bildungsangebote / Deutschkurse / Integrationsarbeit","Salzburg"
"Individuelle Begleitung","Freizeit-, Sport- und Kulturangebote / Mobile Dienste / Angehörigen-Entlastung / Mobile Begleitung für Menschen mit Behinderungen","Schladming"
"Inklusive FIT Schule","Berufsvorbereitung / Berufsbildende Schule / Bildungsangebote / Mittelschule und Fachmittelschule / Innovative Schulformen","Wien"
"Inklusives Lernzentrum","","Engerwitzdorf"
"Institut für öffentliche Theologie und Ethik der Diakonie","","Wien"
"Integrative Beschäftigung Hopfgarten","Integrative Beschäftigung","Hopfgarten"
"Integrative Montessori Mittelschule (IMS)","Bildungsangebote / Mittelschule und Fachmittelschule","Salzburg"
"Integrative Wohngemeinschaft Haus Bethanien","Wohngruppen / Wohngemeinschaft","Feldkirchen"
"Integrative, multiethnische Kindergärten Sunčani most","Kindergarten","Bezirke: Bosnien-Herzegowina"
"Integrativer, multiethnischer Kindergarten Sunčani most II Livno","","Livno, Bosnien-Herzegowina"
"Integrativer, multiethnischer Kindergarten Sunčani most Mostar","Kindergarten","Mostar, Bosnien-Herzegowina"
"Intensivbetreutes Wohnen und Tagesstruktur Reßnigweg","Wohngruppen / Wohnen für Menschen im Autismusspektrum / Betreutes Wohnen / Werkstätten / Wohngemeinschaft","Bezirke: Klagenfurt, Klagenfurt Land"
"Internationales Studierendenheim Staargasse","Studierendenheim","Wien"
"JEFIRA - Interkulturelles Psychotherapiezentrum Niederösterreich","Psychotherapie","St.Pölten"
"Johann Sebastian Bach Musikschule","Musikschule","Wien"
"Johann-Wilhelm-Klein-Haus","Wohnen für Menschen mit Sehbeeinträchtigung","Wien"
"Johanniter Hausnotruf Kärnten","Rettungsdienst und Krankentransporte / Hausnotruf","Patergassen"
"Johanniter Hausnotruf Wien","Rettungsdienst und Krankentransporte / Hausnotruf","Wien"
"Johanniter Katastrophenhilfsdienst Innsbruck","Katastrophenhilfe","Innsbruck"
"Johanniter Katastrophenhilfsdienst Wien","Katastrophenhilfe","Wien"
"Johanniter Residenz Schichtgründe","Betreutes Wohnen","Wien"
"Johanniter Wohnungslosenhilfe für Familien im Rahmen des Winterpakets","Wohnungslosenhilfe","Wien"
"Johanniter Wohnungslosenhilfe für Männer","Wohnungslosenhilfe","Wien"
"Johanniter-Jugend Patergassen","","Patergassen"
"Johanniter-Palliativteam Waidhofen","Mobile Dienste / Palliative Care","Waidhofen/Ybbs"
"Johanniter-Pflegenotdienst","Mobile Dienste / Pflegenotdienst","Wien"
"Johanniter-Unfall-Hilfe, Ausbildungszentrum","Rettungsdienst und Krankentransporte","Wien"
"Johanniter-Unfall-Hilfe, Dienststelle Orth a.d. Donau","Rettungsdienst und Krankentransporte","Orth an der Donau"
"Johanniter-Unfall-Hilfe, Landesgeschäftsstelle Kärnten","Rettungsdienst und Krankentransporte","Patergassen"
"Johanniter-Unfall-Hilfe, Landesgeschäftsstelle Tirol","Rettungsdienst und Krankentransporte","Innsbruck"
"Johanniter-Unfall-Hilfe, Landesgeschäftsstelle Wien","Rettungsdienst und Krankentransporte","Wien"
"Jugendnotschlafstelle JUNO Villach","Krisen- und Notschlafstelle / Jugendberatung / Wohnungslosenhilfe","Villach"
"Jugendzentrum im Bunten Haus","Hort / Lernbegleitung","Knittelfeld"
"Karibu","Integrationsarbeit / Wohngemeinschaft","Wien"
"Kinder- und Jugendkompetenzzentrum (KIJUK) Mühlviertel","Kinder- und Jugendpsychiatrie","Engerwitzdorf"
"Kindergarten Feld am See","Kindergarten / Kleinkindgruppen","Feld am See"
"Kindergarten für dich und mich","Entwicklungsförderung / Kinderbetreuung / Bildungsangebote / Kindergarten / Kleinkindgruppen","Linz"
"Kindergarten Glanhofen","Kindergarten","Feldkirchen"
"Kindergarten Gosau","Kindergarten","Gosau"
"Kindergarten Linzerberg","Kindergarten","Engerwitzdorf"
"Kindergarten Mühle","Kindergarten","Gallneukirchen"
"Kindergarten St. Martin","Kindergarten","Feldkirchen"
"Kindergarten St. Ulrich","Kindergarten / Kleinkindgruppen","Feldkirchen"
"Kindergarten Waiern","Kindergarten / Kleinkindgruppen","Feldkirchen"
"Kinderhospiz- und Familienbegleitung EULONI","Trauerhilfe","Klagenfurt"
"Kindertagesstätte BAOBAB","","Bratislava, Slowakei"
"Klinik Diakonissen Linz","Klinik","Linz"
"Klinik Diakonissen Schladming","Klinik","Schladming"
"Kolleg für Sozialpädagogik Feldkirchen","Berufsbildende Schule","Feldkirchen"
"Korps Wien, Kirchliche Arbeit der Heilsarmee","Seelsorge","Wien"
"Krabbelstube Nido","Kinderbetreuung / Bildungsangebote / Kindergarten","Linz"
"Krankenhaus de La Tour","Klinik / Psychiatrische Diagnostik und Behandlung / Psychologische Begleitung / Psychotherapie / Psychosoziale Beratung / Sozialberatung / Stationäre Behandlung / Sucht / Therapie","Treffen"
"Krankenhaus Waiern","Akutgeriatrie / Klinik / Mobile Betreuung und Pflege im Alter / Psychiatrische Diagnostik und Behandlung / Psychologische Begleitung / Psychotherapie / Selbsthilfegruppen / Essstörung / Stationäre Behandlung / Ambulanz / Tagesbetreuung","Feldkirchen"
"Krisenstelle Wàki","Wohngruppen / Kinder- und Jugendhilfe / Volle Erziehung / Krisen- und Notschlafstelle / Wohngemeinschaft","Linz"
"Krisenwohnung Knittelfeld","Familienbegleitung / Familienberatung","Knittelfeld"
"Kulinarium Catering","Betriebe / Integrative Beschäftigung / Gastronomie",""
"Kulinarium Engerwitzdorf","Betriebe / Essen auf Rädern / Integrative Beschäftigung / Gastronomie","Engerwitzdorf"
"Kulinarium Kitzbühel","Betriebe / Essen auf Rädern / Integrative Beschäftigung","Kitzbühel"
"Kulinarium Salzburg","Berufsvorbereitung / Betriebe / Integrative Beschäftigung / Gastronomie","Salzburg"
"Kunstwerkstatt Atelier","Kunst / Werkstätten","Gallneukirchen"
"Kunstwerkstatt Macherei","Kunst / Werkstätten","Gallneukirchen"
"Kunstwerkstatt Medien","Kunst / Werkstätten","Gallneukirchen"
"Kunstwerkstatt Theater Malaria","Kunst / Werkstätten","Gallneukirchen"
"Kärntner Fachforum für Integration und Menschenrechte","Integrationsarbeit","Klagenfurt"
"Köraus","Wohngruppen / Wohnen für Menschen im Autismusspektrum / Wohngemeinschaft","Feldkirchen"
"Küche : WAIERN","Integrative Beschäftigung / Gastronomie","Feldkirchen"
"Küche Harbach","Berufsvorbereitung / Integrative Beschäftigung / Gastronomie","Klagenfurt"
"LARES Burgenland","Grundversorgung / Wohnberatung / Wohngemeinschaft","Oberwart"
"LARES Wien","Wohnberatung","Wien"
"Lebensende in der Fremde","Sozialmedizinische Beratung","Wien"
"Lebensraum Linzerberg","","Engerwitzdorf"
"Lebenswelt Aigen","Quartiersarbeit / Soziale Startbegleitung / Stützpunktwohnen / Wohnquartier","Salzburg"
"Legasthenie-Testung und -Training","Diagnostik / Familienberatung","Linz"
"LeNa - Lebendige Nachbarschaft","Betreutes Wohnen / Quartiersarbeit / Selbständiges Wohnen / Stadtteilarbeit / Wohnkoordination","Gallneukirchen"
"Leopold-Pfest-Straße - Wohnen und Förderung","Betreutes Wohnen / Wohnen im Alter für Menschen mit Behinderungen / Wohnen für Menschen mit Sehbeeinträchtigung / Wohngemeinschaft","Salzburg"
"Leopold-Pfest-Straße Fördergruppe","Integrative Beschäftigung / Werkstätten","Salzburg"
"Lernbrücke für Pflichtschulkinder","","Salzburg"
"Lernen mit leerem Bauch? Geht nicht!","Schuljause","Wien"
"Lernhilfe Österreich","Bildungsangebote / Lernbegleitung","Bezirke: Wien, Niederösterreich, Salzburg"
"LIFEtool Beratungsstelle Kärnten","Unterstützte Kommunikation / Beratung","Treffen am Ossiacher See"
"LIFEtool Beratungsstelle Lienz","Unterstützte Kommunikation / Beratung","Lienz"
"LIFEtool Beratungsstelle Oberösterreich","Unterstützte Kommunikation / Beratung","Linz"
"Lifetool Beratungsstelle Prag","Unterstützte Kommunikation / Beratung","Praha"
"LIFEtool Beratungsstelle Steiermark","Unterstützte Kommunikation / Beratung","Graz"
"LIFEtool Beratungsstelle Wien","Unterstützte Kommunikation / Beratung","Wien"
"LIFEtool Beratungsstelle Zams","Unterstützte Kommunikation / Beratung","Zams"
"Lindenschlössl & Waldhaus","Wohngruppen / Betreutes Wohnen / Wohngemeinschaft","Treffen"
"MaBa Mama-Baby-Sozialraum","","Bezirke: Wien"
"Maria-Martha-Haus","Wohngruppen / Betreutes Wohnen / Wohngemeinschaft","Feldkirchen"
"Marktplatzl Lambach","","Bezirke: Lambach"
"Mehr Zeller Nachbarschaft","Quartiersarbeit / Alltagshilfen","Bad Zell"
"MIGRANTS CARE","",""
"MIHI Mobile Interkulturelle Hilfen","Mobile Hilfen","Wien"
"MINA - Wohngemeinschaft für Asylsuchende","Psychotherapie / Wohngemeinschaft","Wien"
"Mini mobile Dienste","","Klagenfurt"
"Miteinander leben - Werte teilen","Integrationsarbeit / Stadtteilarbeit","St. Pölten"
"Mitgehn - Begleitung in schwierigen Lebenslagen","","Gallneukirchen"
"MOBEB Mobile Flüchtlingsberatung Burgenland","Mobile Beratung / Sozialberatung / Integrationsarbeit","Oberwart"
"Mobile Angebote für Menschen mit Demenz und ihre Angehörigen","Beratung / Demenzberatung / Mobile Beratung / Mobile Dienste / Angehörigen-Entlastung / Therapie","Klagenfurt"
"Mobile Assistenzleistungen Kärnten","Mobile Dienste","Treffen"
"Mobile Assistenzleistungen Osttirol","Mobile Dienste","Lienz"
"Mobile Assistenzleistungen Steiermark","Mobile Dienste","Bezirke: ganze Steiermark"
"Mobile Flüchtlingsbetreuung Niederösterreich West","Mobile Beratung / Psychosoziale Beratung / Sozialberatung","St. Pölten"
"Mobile Jugendarbeit MOJA St. Veit","Mobile Beratung / Jugendberatung","St. Veit/Glan"
"Mobile Psychotherapie","Psychotherapie / Therapie","Linz"
"Mobile Stadtteilteams Salzburg","","Bezirke: Salzburg"
"Mobiler Dienst für Menschen im Alter in Sebeş","Mobile Dienste","Bezirke: Rumänien"
"Mobiler Dienst für Menschen mit Beeinträchtigung in Sebeş","Mobile Dienste","Bezirke: Rumänien"
"Mobiles Familiencoaching Braunau","Familiencoaching / Familienberatung / Mobile Beratung / Jugendberatung","Altheim"
"Mobiles Familiencoaching Eferding, Grieskirchen","Familiencoaching / Familienberatung / Mobile Beratung / Jugendberatung","Bad Schallerbach"
"Mobiles Familiencoaching Freistadt, Rohrbach","Familiencoaching / Familienberatung / Mobile Beratung / Jugendberatung","Freistadt"
"Mobiles Familiencoaching Kärnten","Familienbegleitung / Familienberatung / Sozialberatung","Bezirke: Klagenfurt"
"Mobiles Familiencoaching Oberösterreich","Familiencoaching / Familienberatung / Mobile Beratung / Jugendberatung","Linz"
"Mobiles Familiencoaching Perg, Urfahr Umgebung","Familiencoaching / Familienberatung / Mobile Beratung / Jugendberatung","Perg"
"Mobiles Familiencoaching Ried, Schärding","Familiencoaching / Familienberatung / Mobile Beratung / Jugendberatung","Ried"
"Mobiles Monitoring - MoMo","Mobile Beratung / Quartiersarbeit / Stadtteilarbeit","Salzburg"
"modas – das Kolleg für Sozialpädagogik","Berufsbildende Schule","Wien"
"MoKiBoDo Montessori Kindergruppe 1-3 Jahre","Kindergarten / Kleinkindgruppen","Bodensdorf"
"Montessori Erlebnisschule in Mödling","Reformpädogische Schule / Volksschulen","Maria Enzersdorf Mödling"
"Montessori Kinderbetreuung Sonnenschein","Kindergarten","Knittelfeld"
"Montessori Kindergarten im Kinderhaus der Erlebnisschule","Kindergarten","Maria Enzersdorf Mödling"
"Montessori Kinderhaus","Kindergarten","Salzburg"
"Montessori Kinderhaus Klagenfurt","Kindergarten / Kleinkindgruppen","Klagenfurt"
"Montessori Oberstufenrealgymnasium (MORG)","Reformpädogische Schule / Innovative Schulformen","Grödig"
"Montessori Volksschule","Reformpädogische Schule / Volksschulen","Salzburg"
"MOSAIK - Sozialpsychiatrische Wohngemeinschaft für Erwachsene","Betreutes Wohnen / Angehörigen-Entlastung / Alltagsbegleitung / Werkstätten / Wohngemeinschaft","Gols"
"Mosaik.Mittelschule","Bildungsangebote / Mittelschule und Fachmittelschule / Reformpädogische Schule","Katsdorf"
"Mosaik.Schule","Bildungsangebote / Reformpädogische Schule / Volksschulen","Katsdorf"
"MOZAIK Jugendberatung","Rechtsberatung / Sozialberatung / Jugendberatung","Wien"
"Mutter-Kind-Gruppe Linz, Mum&Baby-Treff","Entwicklungsförderung / Familienberatung / Frühförderung","Linz"
"Mutter-Kind-Gruppe Wels, Mum&Baby-Treff","Entwicklungsförderung / Familienberatung / Frühförderung","Wels"
"Nachmittagsbetreuung VS Knittelfeld-Lindenallee","Lernbegleitung","Knittelfeld"
"Nudel & Holz","Integrative Beschäftigung","Kufstein"
"Nyumbani - Intensivbetreute Wohngemeinschaft","","Wien"
"Of(f)n Stüberl","Krisen- und Notschlafstelle / Sozialberatung / Wohnungslosenhilfe","Linz"
"Offenes Frauencafè","Krisen- und Notschlafstelle / Sozialberatung / Wohnungslosenhilfe","Linz"
"Open Learning Center","Bildungsangebote / Bildungsberatung / Lernbegleitung","Wien"
"Orientierungsstufe","Bildungsangebote / Innovative Schulformen","Salzburg"
"Peer-Beratung","Beratung","Gallneukirchen"
"Pflegeinformations- und Beratungsservice der Diakonie de La Tour","","Klagenfurt"
"PONTO - Brückenwohnen für Asylberechtigte","Psychosoziale Beratung / Rechtsberatung / Sozialberatung / Integrationsarbeit / Arbeitsmarktberatung / Wohnbegleitung / Wohnberatung","Wien"
"POP Akademie by JSBM","Musikschule","Wien"
"POSA – Potentiale der stillen Reserve mit Betreuungspflichten aktivieren","Integrationsarbeit","Bezirke: Klagenfurt"
"Postpartnerstelle Hagenberg","Betriebe","Hagenberg"
"PRO Ausblick Berufsvorbereitung","Berufsvorbereitung / Integrative Beschäftigung","Treffen"
"Projekt A:Life","Integrationsarbeit","Klagenfurt"
"Projekt GliK","Integrationsarbeit","Klagenfurt"
"Projekt SERIGO","",""
"Psychosoziale und therapeutische Angebote im Therapiezentrum Diakoniewerk","Kinder- und Jugendhilfe / Familienbegleitung / Jugendberatung","Oberösterreich"
"Psychotherapie für Kinder und Jugendliche","Psychotherapie / Therapie","Linz"
"PVE Bleiburg / Pliberk","Primärversorgungseinheit (PVE)","Bleiburg"
"PVE Diakonissen Admont","Primärversorgungseinheit (PVE)","Admont"
"PVE Diakonissen GmbH","","Gallneukirchen"
"PVE Diakonissen Kindberg","Primärversorgungseinheit (PVE)","Kindberg"
"PVE Diakonissen Mürzzuschlag","Primärversorgungseinheit (PVE)","Mürzzuschlag"
"PVE Diakonissen Telfs","Primärversorgungseinheit (PVE)","Telfs"
"PVE Diakonissen Wörgl","Primärversorgungseinheit (PVE)","Wörgl"
"PVE Spittal an der Drau","Primärversorgungseinheit (PVE)","Spittal an der Drau"
"Quartier Riedenburg","Soziale Startbegleitung / Wohnkoordination / Wohnquartier","Salzburg"
"RESI - Ressourcen stärken im Lebensraum Schule","","Linz"
"ReVital Shop","Betriebe","Bezirke: Oberösterreich"
"ReVital Shop Bad Hall","Betriebe / Integrative Beschäftigung","Bad Hall"
"ReVital Shop Gallneukirchen","Betriebe","Gallneukirchen"
"Rosa Zukunft","Quartiersarbeit / Generationenwohnen / Wohnkoordination / Wohnquartier","Bezirke: Salzburg"
"Rufhilfeplus - Sicherheit auf Knopfdruck","Hausnotruf","Gallneukirchen"
"Ruhepol","",""
"Schatzkiste","Kinder- und Jugendhilfe / Unterstützung der Erziehung / Entwicklungsförderung / Frühe Hilfen","Linz"
"Scheidungsberatung","Beratung / Familienberatung","Linz"
"Schulassistenz Oberösterreich","Schulassistenz","Linz"
"Schule für Sozialbetreuungsberufe Gallneukirchen","Berufsbildende Schule","Gallneukirchen"
"Schule für Sozialbetreuungsberufe Mauerkirchen","Berufsbildende Schule","Mauerkirchen"
"Schule für Sozialbetreuungsberufe Ried im Innkreis","Berufsbildende Schule","Ried im Innkreis"
"Schule für Sozialbetreuungsberufe Salzburg","Berufsbildende Schule","Salzburg"
"Schule für Sozialbetreuungsberufe Wels","Berufsbildende Schule","Wels"
"Schulen für Sozialbetreuungsberufe Waiern","Berufsbildende Schule","Feldkirchen"
"Schweizer Haus Hadersdorf","Sucht / Therapie","Wien"
"Selbstständiges Wohnen Ramsau am Dachstein","Selbständiges Wohnen","Ramsau"
"Seniorenwohngemeinschaft PLUS Oberwart","Hausgemeinschaften / Betreutes Wohnen / Demenzberatung / Pflegeeinrichtung / Selbständiges Wohnen / Wohngemeinschaft","Oberwart"
"Servitas - Dienst am Nächsten","","Linz"
"Sesam","Lernbegleitung","Wien"
"SMILE - Inklusive Spielgruppe","Entwicklungsförderung / Kindergarten / Kleinkindgruppen / Frühförderung","Wien"
"Sonderbetreuungsangebot","","Klagenfurt"
"Sonderkrankenhaus für Kinder- und Jugendpsychiatrie","Psychiatrische Diagnostik und Behandlung / Psychologische Begleitung / Psychotherapie / Kinder- und Jugendpsychiatrie / Therapie","Linz"
"Sozialberatung","Sozialberatung","Linz"
"Sozialberatung - Hilfe, Information & Vermittlung in allen Lebenslagen","Sozialberatung / Integrationsarbeit","Klagenfurt"
"Sozialberatung Stadtdiakonie Wien","Sozialberatung / Wohnungslosenhilfe","Wien"
"Sozialberatung Wien","Psychosoziale Beratung / Sozialberatung","Bezirke: Postadresse: Lemböckgasse 49/Haus 1/3. Stock/Top C-31"
"Soziales Beratungszentrum Sebeş","Sozialberatung","Bezirke: Sebeş, Rumänien"
"Soziales Wohnungsmanagement","Wohnraummanagement","Wien"
"Sozialpädagogische Familienbetreuung (SFB) Bad Schallerbach","Kinder- und Jugendhilfe / Unterstützung der Erziehung / Mobile Beratung / Sozialpädagogische Familienbetreuung","Bad Schallerbach"
"Sozialpädagogische Familienbetreuung (SFB) Innviertel","Kinder- und Jugendhilfe / Unterstützung der Erziehung / Mobile Beratung / Sozialpädagogische Familienbetreuung","Altheim"
"Sozialpädagogische Familienbetreuung (SFB) Kärnten","Mobile Beratung / Sozialpädagogische Familienbetreuung","Klagenfurt"
"Sozialpädagogische Familienbetreuung (SFB) Linz","Kinder- und Jugendhilfe / Unterstützung der Erziehung / Mobile Beratung / Sozialpädagogische Familienbetreuung","Linz"
"Sozialpädagogische Familienbetreuung (SFB) Oberösterreich","Kinder- und Jugendhilfe / Unterstützung der Erziehung / Mobile Beratung / Sozialpädagogische Familienbetreuung","Linz"
"Sozialpädagogische Familienbetreuung (SFB) Perg","Kinder- und Jugendhilfe / Unterstützung der Erziehung / Mobile Beratung / Sozialpädagogische Familienbetreuung","Perg"
"Sozialpädagogische Familienbetreuung (SFB) Schlierbach","Kinder- und Jugendhilfe / Unterstützung der Erziehung / Mobile Beratung / Sozialpädagogische Familienbetreuung","Schlierbach"
"Sozialpädagogische Familienbetreuung (SFB) Steyr-Dietach","Kinder- und Jugendhilfe / Unterstützung der Erziehung / Mobile Beratung / Sozialpädagogische Familienbetreuung","Steyr-Dietach"
"Sozialtherapeutisches Tageszentrum Hadersdorf","Sucht / Tagesbetreuung / Therapie","Wien"
"Spielsuchtambulanz de La Tour Villach","Beratung / Psychologische Begleitung / Psychotherapie / Psychosoziale Beratung / Sozialberatung / Jugendberatung / Ambulanz / Sucht / Therapie","Villach"
"Spielsuchtberatung de La Tour Spittal/Drau","Beratung / Psychologische Begleitung / Psychotherapie / Psychosoziale Beratung / Sozialberatung / Jugendberatung / Ambulanz","Spittal/Drau"
"Sprachtraining, Integration & Dolmetsch","Beratung / Bildungsberatung / Lernbegleitung / Integrationsarbeit","Salzburg"
"Sprungbrett Glöcklturm","Berufsvorbereitung","Lienz"
"Staberweg","Wohngruppen / Wohnen für Menschen im Autismusspektrum / Betreutes Wohnen / Kurzzeitwohnen / Werkstätten / Wohngemeinschaft","Feldkirchen"
"Stadtcafé","Berufsvorbereitung / Integrative Beschäftigung / Gastronomie","Klagenfurt"
"Stadtwerkstatt Feldkirchen","Werkstätten","Feldkirchen"
"Stadtwerkstatt hi Harbach","Werkstätten","Klagenfurt"
"Stadtwerkstatt St. Veit/Glan","Werkstätten","St. Veit an der Glan"
"STARTup Living - SFB+","Kinder- und Jugendhilfe / Unterstützung der Erziehung / Stadtteilarbeit / Wohnbegleitung","Linz"
"STEEP-Gruppe","Entwicklungsförderung / Frühförderung","Linz"
"Streichelzoo Linzerberg","Werkstätten","Bezirke: Engerwitzdorf"
"Studentenwohnheim Saggen","Studierendenheim","Innsbruck"
"Studierendenheim Albert Schweitzer Haus","Studierendenheim","Wien"
"Studierendenheim Wilhelm Dantine-Haus","Studierendenheim","Wien"
"Stützpunktwohnen Friedensgasse","Selbständiges Wohnen / Stützpunktwohnen","Klagenfurt"
"Stützpunktwohnen Salzburg","","Salzburg"
"Stützpunktwohnen Viktring","Wohnen für Menschen im Autismusspektrum / Selbständiges Wohnen / Stützpunktwohnen","Viktring"
"superhands","Hilfe für pflegende Kinder und Jugendliche","Wien"
"Tagesbetreuung Dumbraveni","Tagesbetreuung","Bezirke: Rumänien"
"Tagesbetreuung für Menschen mit Demenz","Beratung / Angehörigen-Entlastung / Tagesbetreuung / Pflegende Angehörige","Bezirke: Graz"
"Tagesbetreuung für sozial benachteiligte Kinder in Rumänien","Hort","Bezirke: Rumänien"
"Tagesbetreuung Gallneukirchen","Angehörigen-Entlastung / Tagesbetreuung / Pflegende Angehörige","Gallneukirchen"
"Tagesbetreuung Henndorf","Beratung / Angehörigen-Entlastung / Tagesbetreuung / Pflegende Angehörige","Bezirke: Henndorf am Wallersee"
"Tagesbetreuung Linz","Demenzberatung / Angehörigen-Entlastung / Tagesbetreuung / Pflegende Angehörige","Linz"
"Tagesbetreuung Salzburg-Aigen","Tagesbetreuung","Salzburg"
"Tagesbetreuung Salzburg-Gnigl","Tagesbetreuung","Salzburg"
"Tagesbetreuung Sebeş","Tagesbetreuung","Bezirke: Rumänien"
"Tagesbetreuung Wels","Demenzberatung / Angehörigen-Entlastung / Tagesbetreuung / Pflegende Angehörige","Wels"
"Tagesstruktur Monastero","","Treffen"
"Tageszentrum für Menschen mit Demenz - Seniorengarten Oberwart","Demenzberatung / Psychologische Begleitung / Angehörigen-Entlastung / Tagesbetreuung","Oberwart"
"Therapie Kirchbichl","Therapie","Kirchbichl"
"Therapie Menschen mit Behinderungen","Therapie","Feldkirchen"
"Therapie Stadt Salzburg","Therapie","Salzburg"
"Therapiezentrum Diakoniewerk in Oberösterreich","Entwicklungsförderung / Beratung / Diagnostik / Therapie","Bezirke: Urfahr-Umgebung"
"Therapiezentrum Haus Elisabeth","Beratung / Diagnostik / Therapie","Gallneukirchen"
"Therapiezentrum Linzerberg","Beratung / Diagnostik / Therapie","Engerwitzdorf"
"Therapiezentrum Pinzgau","Therapie","Bruck a.d. Glocknerstraße"
"Treffpunkt Burgfried Süd","Stadtteilarbeit / Alltagshilfen","Hallein"
"Unabhängige Beratung Kärnten","Rechtsberatung","Villach"
"Unabhängige Beratung Salzburg","Rechtsberatung","Salzburg"
"Unabhängige Beratung Tirol","Rechtsberatung","Innsbruck"
"Unabhängige Beratung Traiskirchen","Rechtsberatung","Bezirke: Gemeindesaal der Evangelische Pfarrgemeinde A.B. u H.B."
"Unabhängige Beratung Wien","Rechtsberatung","Bezirke: Wien, Burgenland"
"Veranstaltungszentrum Albert Schweitzer Haus","","Wien"
"Verein Freunde des Evangelischen Krankenhauses","","Wien"
"VESTA Wien","Grundversorgung / Mobile Beratung / Mobile Dienste / Selbständiges Wohnen / Sozialberatung / Sozialmedizinische Beratung","Wien"
"Vivio Oberwart","Hausgemeinschaften / Betreutes Wohnen / Pflegeeinrichtung / Haus für Senioren","Oberwart"
"Vorbetreuungsstelle Schweizer Haus Hadersdorf","Therapie","Wien"
"Vorschulkurs am Karlsplatz","Vorschulkurse","Wien"
"Wald-Erlebnis Ortenfelshütte","","Treffen"
"Waldemar Wohnen","Betreutes Wohnen / Alltagsbegleitung","Pasching"
"Wege aus der Kinderarmut","Familiencoaching / Familienberatung / Sozialberatung",""
"Wege aus der Kinderarmut - Gemeinsam Bewegen","","Bezirke: Klagenfurt"
"Wege aus der Kinderarmut - IDA","Integrationsarbeit","Klagenfurt"
"Werkstätte Am Steinbruch","Werkstätten","Treffen"
"Werkstätte Bad Hall","Werkstätten","Bad Hall"
"Werkstätte Bad Wimsbach","Werkstätten","Wimsbach-Neydharting"
"Werkstätte Emmaus","Werkstätten","Engerwitzdorf"
"Werkstätte Erle","Werkstätten","Engerwitzdorf"
"Werkstätte Hagenberg","Werkstätten","Hagenberg im Mühlkreis"
"Werkstätte Kirchbichl","Werkstätten","Kirchbichl"
"Werkstätte Linz Stifterstraße","Werkstätten","Linz"
"Werkstätte Linzerberg","Werkstätten","Engerwitzdorf"
"Werkstätte Mauerkirchen","Werkstätten","Mauerkirchen"
"Werkstätte Meierei","Werkstätten","Treffen"
"Werkstätte Mühle","Werkstätten","Gallneukirchen"
"Werkstätte Oberneukirchen","Werkstätten","Oberneukirchen"
"Werkstätte Ried in der Riedmark","Werkstätten","Ried in der Riedmark"
"Werkstätte Sebeş","","Sebeş, Rumänien"
"Werkstätte Sibiu","Werkstätten","Sibiu, Rumänien"
"Werkstätte St. Pantaleon","Werkstätten","St. Pantaleon"
"Werkstätte Wartberg","Werkstätten","Wartberg / Aist"
"Westbahnhoffnung Villach - Tabea Lebenshilfe","Krisen- und Notschlafstelle / Sucht / Wohnungslosenhilfe","Villach"
"WG Camino","Wohngruppen / Kinder- und Jugendhilfe / Volle Erziehung / Wohngemeinschaft","Linz"
"WG Challenge","Wohngruppen / Kinder- und Jugendhilfe / Volle Erziehung / Wohngemeinschaft","Linz"
"WG cowota Hermagor","Wohngruppen / Wohngemeinschaft","Hermagor"
"WG cowota Waiern","Wohngruppen / Wohngemeinschaft","Feldkirchen"
"WG future Waiern","Wohngruppen / Wohngemeinschaft","Feldkirchen"
"WG Jump","Wohngruppen / Kinder- und Jugendhilfe / Volle Erziehung / Wohngemeinschaft","Linz"
"WG Kaya","Wohngruppen / Psychiatrische Diagnostik und Behandlung / Essstörung / Stationäre Behandlung / Therapie","Linz"
"WG kids","Wohngruppen / Wohngemeinschaft","Klagenfurt"
"WG Meranerweg","Wohngruppen / Wohngemeinschaft","Neumarkt"
"WG OK","Wohngruppen / Wohngemeinschaft","Klagenfurt"
"WG sunshine Waiern","Wohngruppen / Wohngemeinschaft","Feldkirchen"
"WG Tamaya","Wohngruppen / Kinder- und Jugendhilfe / Volle Erziehung / Wohngemeinschaft","Linz"
"WG teens","Wohngruppen / Wohngemeinschaft","Klagenfurt"
"WG Weitblick","Wohngruppen / Wohngemeinschaft","Feldkirchen"
"WG WIFZACK","Wohngruppen / Wohngemeinschaft","Klagenfurt"
"Winter-Notschlafstelle","Krisen- und Notschlafstelle / Wohnungslosenhilfe","Wien"
"Wohnassistenz","Mobile Dienste / Selbständiges Wohnen / Alltagsbegleitung / Wohnberatung / Mobile Begleitung für Menschen mit Behinderungen","Schladming"
"Wohnberatungsstellen WIWA und WOBAB","Wohnberatung","Wien"
"Wohnbuddies und Suchcafè","Wohnberatung","Wien"
"Wohnen Altes Martinstift","Wohngemeinschaft","Engerwitzdorf"
"Wohnen Bad Hall","","Bad Hall"
"Wohnen Bad Leonfelden","","Bad Leonfelden"
"Wohnen Bad Wimsbach","","Bezirke: Bad Wimsbach"
"Wohnen Braunau","Wohngemeinschaft","Braunau"
"Wohnen Elise-Lehner-Weg","","Gallneukirchen"
"Wohnen Emmaus","Wohnen im Alter für Menschen mit Behinderungen / Wohngemeinschaft","Engerwitzdorf"
"Wohnen Friedenshort","","Gallneukirchen"
"Wohnen für Menschen mit Behinderung im Ennstal","Kurzzeitwohnen / Wohnen im Alter für Menschen mit Behinderungen / Wohngemeinschaft",""
"Wohnen für Menschen mit Behinderungen Ardagger (NÖ)","Wohnen für Menschen im Autismusspektrum / Kurzzeitwohnen / Selbständiges Wohnen / Wohngemeinschaft","Bezirke: Niederösterreich"
"Wohnen für Menschen mit Behinderungen Horn / Niederösterreich","","Horn"
"Wohnen für Menschen mit Behinderungen OÖ","Betreutes Wohnen / Kurzzeitwohnen / Selbständiges Wohnen / Wohnberatung / Wohngemeinschaft","Bezirke: Oberösterreich"
"Wohnen Gaisbacher Straße","Wohnen für Menschen im Autismusspektrum / Wohngemeinschaft","Gallneukirchen"
"Wohnen Gaisbacher Straße Vitalpark","","Bezirke: Gallneukirchen"
"Wohnen Hopfgarten","Wohnen für Menschen im Autismusspektrum / Betreutes Wohnen / Selbständiges Wohnen / Wohnen im Alter für Menschen mit Behinderungen / Wohnen für Menschen mit Sehbeeinträchtigung / Wohngemeinschaft","Hopfgarten"
"Wohnen im Alter in Katsdorf","Betreutes Wohnen","Katsdorf"
"Wohnen Katsdorf","","Katsdorf"
"Wohnen Kirchbichl","Wohnen für Menschen im Autismusspektrum / Betreutes Wohnen / Selbständiges Wohnen / Wohnen im Alter für Menschen mit Behinderungen / Wohnen für Menschen mit Sehbeeinträchtigung / Wohngemeinschaft","Kirchbichl"
"Wohnen Lambach","","Lambach"
"Wohnen Lederergasse","","Gallneukirchen"
"Wohnen Leonfeldnerstraße Linz","Wohngemeinschaft","Linz"
"Wohnen Ludwig-Schwarz-Weg","","Gallneukirchen"
"Wohnen Martin Boos-Straße","","Gallneukirchen"
"Wohnen Martinstift","","Engerwitzdorf"
"Wohnen Mauerkirchen","","Mauerkirchen"
"Wohnen Mühle","","Gallneukirchen"
"Wohnen Oberneukirchen","Wohngruppen / Wohnen im Alter für Menschen mit Behinderungen / Wohngemeinschaft","Oberneukirchen"
"Wohnen Pregarten Bindergasse","","Pregarten"
"Wohnen Pregarten Sandleiten","","Pregarten"
"Wohnen Reichenauer Straße Gallneukirchen","","Gallneukirchen"
"Wohnen Ried in der Riedmark","","Ried in der Riedmark"
"Wohnen Schladming","Betreutes Wohnen / Wohnen im Alter für Menschen mit Behinderungen / Wohngemeinschaft","Schladming"
"Wohnen Starhembergstraße","","Gallneukirchen"
"Wohnen Zibermayrstraße","Wohngemeinschaft","Linz"
"Wohngemeinschaft Gramartstraße","Wohngruppen / Psychologische Begleitung / Kinder- und Jugendpsychiatrie / Essstörung / Therapie / Wohngemeinschaft","Innsbruck"
"Wohnhaus de La Tour Straße & Maxeinerhaus","Wohngruppen / Betreutes Wohnen / Kurzzeitwohnen / Wohngemeinschaft","Treffen"
"Wohnhaus Domenigweg","Wohngruppen / Betreutes Wohnen / Wohngemeinschaft","Feldkirchen"
"Wohnprojekt hi Harbach","Stadtteilarbeit / Wohnkoordination / Wohnquartier / Wohnraummanagement","Klagenfurt"
"Wohnprojekt Viktring","Stadtteilarbeit / Wohnkoordination / Wohnquartier / Wohnraummanagement","Viktring"
"Wohnraumspenden für Vertriebene aus der Ukraine","Wohnbegleitung / Wohnberatung / Wohngemeinschaft / Wohnkoordination / Wohnraummanagement","Wien"
"Wohnverbund Friedensgasse","Wohngruppen / Betreutes Wohnen / Wohngemeinschaft","Bezirke: Klagenfurt"
"Wohnverbund Öhringerplatz","Wohngruppen / Betreutes Wohnen / Wohngemeinschaft","Treffen"
"Zamkuma! - Unterstützung und Orientierung für geflüchtete Menschen","Beratung / Deutschkurse / Psychologische Begleitung / Integrationsarbeit / Arbeitsmarktberatung","Linz"
"ZIARA - Individuelle Betreuung zu Hause","Sozialberatung / Integrationsarbeit / Wohnberatung","Wien"
"Zukunft.Pflege – Ausbildungsvorbereitung für Migrant:innen","Beratung / Berufsvorbereitung","Salzburg"
"ZukunftsRaum - Soziale Wohnungsverwaltung","Soziale Wohnungsverwaltung / Wohnbegleitung / Wohnberatung / Wohnungslosenhilfe","Wien"
"ZukunftsRaum Bischofshofen","Integrationsarbeit / Arbeitsmarktberatung / Wohnberatung","Bischofshofen"
"ZukunftsRaum Salzburg","Integrationsarbeit / Arbeitsmarktberatung / Wohnberatung","Salzburg"
"ZukunftsRaum Zell am See","Integrationsarbeit / Arbeitsmarktberatung / Wohnberatung","Zell am See"
"Zöckler Haus","Wohngruppen / Wohnen für Menschen im Autismusspektrum / Wohngemeinschaft","Feldkirchen"